{"count":1,"self":68.927296,"total":2970.6515799999997,"children":{"InitializeActuators":{"count":32,"self":0.0020019,"total":0.0020019,"children":null},"InitializeSensors":{"count":32,"self":0.0069679999999999994,"total":0.0069679999999999994,"children":null},"AgentSendState":{"count":254885,"self":92.684428799999992,"total":148.65805269999998,"children":{"CollectObservations":{"count":1633792,"self":2.028108,"total":2.0281081,"children":null},"WriteActionMask":{"count":1633792,"self":0.7825242,"total":0.7825242,"children":null},"RequestDecision":{"count":1633792,"self":4.050718,"total":53.1629886,"children":{"AgentInfo.ToProto":{"count":1633792,"self":5.2194031999999995,"total":49.112270699999996,"children":{"GenerateSensorData":{"count":1633792,"self":40.6661728,"total":43.8928677,"children":{"RayPerceptionSensor.Perceive":{"count":1633792,"self":3.2266964,"total":3.2266964,"children":null}}}}}}}}},"DecideAction":{"count":254885,"self":2735.9936512,"total":2735.9936167,"children":null},"AgentAct":{"count":254885,"self":17.0512928,"total":17.0512929,"children":null},"AgentInfo.ToProto":{"count":214,"self":2.12E-05,"total":0.0073583999999999993,"children":{"GenerateSensorData":{"count":214,"self":0.0073371999999999995,"total":0.0073371999999999995,"children":{"RayPerceptionSensor.Perceive":{"count":214,"self":0,"total":0,"children":null}}}}}},"gauges":{"FishFoodCollector.CumulativeReward":{"count":214,"max":-13.0900145,"min":-405.745941,"runningAverage":-94.3071,"value":-107.054863,"weightedAverage":-123.49601}},"metadata":{"timer_format_version":"0.1.0","start_time_seconds":"1642066096","unity_version":"2020.3.18f1","command_line_arguments":"C:\\Users\\new\\Desktop\\mlagents\\fish-build\\Fish Schooling Simulation 2D.exe --mlagents-port 5005","communication_protocol_version":"1.5.0","com.unity.ml-agents_version":"2.1.0-exp.1","scene_name":"foodCollection","end_time_seconds":"1642069067"}}